<?xml version="1.0" encoding="utf-8"?>
<configuration>
    <jmxConfigurator/>
    <appender name="STDOUT" class="ch.qos.logback.core.ConsoleAppender">
        <!-- encoder 默认配置为PatternLayoutEncoder -->
        <encoder>
            <pattern>%d{HH:mm:ss.SSS} %-5level [%thread] %-50logger{50} - %msg%n</pattern>
        </encoder>
    </appender>
    <appender name="SCBASE" class="ch.qos.logback.core.rolling.RollingFileAppender">
        <File>${LOG_FILE:-Startup}.log
        </File>
        <rollingPolicy class="ch.qos.logback.core.rolling.SizeAndTimeBasedRollingPolicy">
            <FileNamePattern>${LOG_FILE:-Startup}.%d{yyyy-MM-dd}.%i.log
            </FileNamePattern>
            <MaxHistory>7</MaxHistory>
            <maxFileSize>100MB</maxFileSize>
            <totalSizeCap>1GB</totalSizeCap>
        </rollingPolicy>
        <encoder>
            <pattern>%d{HH:mm:ss.SSS} %-5level [%thread] %logger{50} - %msg%n</pattern>
            <charset>UTF-8</charset>
        </encoder>
    </appender>
    <root level="info">
        <appender-ref ref="STDOUT" />
        <appender-ref ref="SCBASE" />
    </root>
</configuration>